time,UGRD_10maboveground,VGRD_10maboveground,DLWRF_surface,APCP_surface,precip_rate,TMP_2maboveground,SPFH_2maboveground,PRES_surface,DSWRF_surface
2024-02-15 13:00:00,9.716005,-4.409549,177.06995,0.0,0.0,263.89032,0.0018800631,101300.0,0.0
2024-02-15 14:00:00,5.6252475,-2.6877117,178.46379,0.0,0.0,263.24707,0.0018835948,101300.0,0.0
2024-02-15 15:00:00,3.3207886,-1.2524948,180.64392,0.0,0.0,263.85382,0.0020086789,101300.0,231.50916
2024-02-15 16:00:00,5.980555,-2.9635587,184.33359,0.0,0.0,267.3228,0.0023091773,101300.0,452.8653
2024-02-15 17:00:00,8.474666,-2.1540225,184.60887,0.0,0.0,268.4441,0.0024733057,101300.0,617.1209
2024-02-15 18:00:00,10.334966,-2.0345032,185.41339,0.0,0.0,269.27417,0.002605216,101300.0,710.63696
2024-02-15 19:00:00,9.076674,-3.5010781,189.51247,0.0,0.0,269.81152,0.0025954947,101300.0,722.7771
2024-02-15 20:00:00,10.9109955,-2.381096,189.45425,0.0,0.0,270.0016,0.0026812907,101300.0,661.03186
2024-02-15 21:00:00,12.435349,-2.5873477,189.76224,0.0,0.0,270.0436,0.0026377204,101300.0,524.10614
2024-02-15 22:00:00,11.64037,-2.4927902,192.41861,0.0,0.0,269.17514,0.0026892324,101300.0,315.33624
2024-02-15 23:00:00,9.02513,-2.1883175,208.40277,0.0,0.0,268.1887,0.0027791867,101300.0,23.42243
2024-02-16 00:00:00,7.5578837,-2.646433,190.75468,0.0,0.0,265.84592,0.0024754773,101300.0,90.37921
2024-02-16 01:00:00,2.8136916,-0.8141088,188.40521,0.021678613,0.021678613,263.57324,0.0022461938,101300.0,0.0
2024-02-16 02:00:00,5.9770985,-4.6447725,179.84229,0.0,0.0,263.0375,0.0021304642,101300.0,0.0
2024-02-16 03:00:00,6.078814,-4.4199967,184.29013,0.0,0.0,263.03973,0.0021648225,101300.0,0.0
2024-02-16 04:00:00,7.249429,-4.1942153,185.22826,0.0,0.0,263.19186,0.00217362,101300.0,0.0
2024-02-16 05:00:00,7.9846115,-4.4860735,174.07886,0.0,0.0,262.53796,0.0020532506,101300.0,0.0
2024-02-16 06:00:00,7.4215326,-4.820369,174.02364,0.11192232,0.11192232,262.42972,0.0020411343,101300.0,0.0
2024-02-16 07:00:00,5.619265,-4.972711,169.9961,0.0,0.0,261.6604,0.0018887104,101300.0,0.0
2024-02-16 08:00:00,4.920906,-3.8961146,170.54054,0.0,0.0,261.36047,0.0018565501,101300.0,0.0
2024-02-16 09:00:00,6.5994606,-5.221744,167.34114,0.0,0.0,261.04166,0.001787221,101300.0,0.0
2024-02-16 10:00:00,5.6840935,-4.1583376,167.30667,0.0,0.0,260.9424,0.0017761674,101300.0,0.0
2024-02-16 11:00:00,4.8749323,-3.2739964,169.05348,0.0,0.0,261.0292,0.0017806627,101300.0,0.0
2024-02-16 12:00:00,4.651165,-2.586078,172.31262,0.0,0.0,260.78574,0.0017185083,101300.0,0.0
2024-02-16 13:00:00,3.7085426,-2.8542316,174.2147,0.0,0.0,260.96716,0.0017679156,101300.0,0.0
2024-02-16 14:00:00,4.0468736,-3.3551915,178.05899,0.0,0.0,260.51315,0.0016903863,101300.0,0.0
2024-02-16 15:00:00,6.698127,-4.2805977,172.51178,0.0,0.0,261.88486,0.0018238557,101300.0,232.9516
2024-02-16 16:00:00,7.1253195,-4.661288,169.91301,0.0,0.0,263.73883,0.0019505357,101300.0,461.92126
2024-02-16 17:00:00,6.3024297,-4.0296516,174.62993,0.0,0.0,264.56693,0.002077713,101300.0,617.1405
2024-02-16 18:00:00,6.469016,-3.6498792,181.65419,0.0,0.0,265.70737,0.002279058,101300.0,709.39197
2024-02-16 19:00:00,7.141484,-3.0729551,197.96,0.0,0.0,265.98096,0.0022173263,101300.0,701.12756
2024-02-16 20:00:00,6.1965017,-3.4867923,217.41707,0.0,0.0,266.66794,0.0022921942,101300.0,599.30054
2024-02-16 21:00:00,5.921247,-3.3048506,211.55266,0.0,0.0,266.3837,0.0023506486,101300.0,459.50034
2024-02-16 22:00:00,5.5570726,-3.0648265,211.41318,0.0,0.0,266.4132,0.0022180546,101300.0,286.2912
2024-02-16 23:00:00,5.490398,-2.955053,197.11914,0.0,0.0,265.60257,0.0021386496,101300.0,27.155506
2024-02-17 00:00:00,3.970753,-2.1318085,191.48134,0.0,0.0,264.1913,0.0020248014,101300.0,91.63734
2024-02-17 01:00:00,2.530343,-1.8987168,200.79585,0.0,0.0,262.2878,0.0019649486,101300.0,0.0
2024-02-17 02:00:00,2.253851,-1.3185694,219.1318,0.0,0.0,262.2382,0.0018923109,101300.0,0.0
2024-02-17 03:00:00,4.1505995,-1.1362681,221.10757,0.021678613,0.021678613,262.1222,0.0019268256,101300.0,0.0
2024-02-17 04:00:00,1.3261929,-2.6216404,256.36273,1.666378,1.666378,262.0253,0.0020903996,101300.0,0.0
2024-02-17 05:00:00,4.054992,-4.672647,200.88652,0.7006041,0.7006041,260.53775,0.0016555311,101300.0,0.0
2024-02-17 06:00:00,4.0961637,-3.5191674,171.40457,0.24585964,0.24585964,259.927,0.0016153,101300.0,0.0
2024-02-17 07:00:00,5.08638,-4.223191,163.02158,0.0,0.0,259.2347,0.0014861169,101300.0,0.0
2024-02-17 08:00:00,4.2160664,-3.3864284,162.6437,0.0,0.0,258.82382,0.0014301029,101300.0,0.0
2024-02-17 09:00:00,3.3570938,-2.1850507,164.87115,0.0,0.0,257.9345,0.0013112576,101300.0,0.0
2024-02-17 10:00:00,2.5384166,-1.5859655,178.96301,0.0,0.0,256.90475,0.001191218,101300.0,0.0
2024-02-17 11:00:00,2.6407545,-1.2635219,157.67645,0.0,0.0,256.3543,0.0010684936,101300.0,0.0
2024-02-17 12:00:00,4.080508,-2.788398,152.5269,0.0,0.0,255.692,0.0009924646,101300.0,0.0
2024-02-17 13:00:00,2.6140106,-1.8884685,148.27313,0.0,0.0,255.46735,0.00091761665,101300.0,0.0
2024-02-17 14:00:00,7.466385,-5.7273016,146.14569,0.0,0.0,256.28882,0.0010840503,101300.0,0.0
2024-02-17 15:00:00,7.2479544,-5.478716,148.71236,0.0,0.0,257.7577,0.0012329945,101300.0,250.32018
2024-02-17 16:00:00,7.3992133,-6.5295534,143.99312,0.0,0.0,259.70044,0.0010809024,101300.0,485.33206
2024-02-17 17:00:00,5.911956,-5.56571,145.75854,0.0,0.0,261.40967,0.0012116306,101300.0,652.4537
2024-02-17 18:00:00,5.133139,-4.7432094,148.86945,0.0,0.0,263.02618,0.0014047102,101300.0,746.27313
2024-02-17 19:00:00,4.5366435,-3.9560037,157.50688,0.0,0.0,263.71558,0.0016683441,101300.0,752.599
2024-02-17 20:00:00,5.012275,-4.196777,157.2478,0.0,0.0,264.7025,0.0016519912,101300.0,690.3477
2024-02-17 21:00:00,5.3424945,-4.506336,158.05215,0.0,0.0,265.53033,0.0015380778,101300.0,551.6494
2024-02-17 22:00:00,3.717799,-4.342042,160.09683,0.0,0.0,266.3363,0.0015828309,101300.0,338.6537
2024-02-17 23:00:00,5.932696,-4.3302927,158.46655,0.0,0.0,265.67786,0.0016112502,101300.0,33.94974
2024-02-18 00:00:00,5.476386,-4.584374,164.38968,0.0,0.0,263.4618,0.0013645317,101300.0,107.30763
2024-02-18 01:00:00,6.5981526,-4.9985175,150.27318,0.0,0.0,260.9194,0.0009845553,101300.0,0.0
2024-02-18 02:00:00,6.0458097,-4.8214984,146.77821,0.0,0.0,260.03055,0.00074412674,101300.0,0.0
2024-02-18 03:00:00,4.8762746,-4.2195272,150.25974,0.0,0.0,260.91107,0.0007791868,101300.0,0.0
2024-02-18 04:00:00,4.757659,-4.045249,150.48117,0.0,0.0,260.8165,0.00075772713,101300.0,0.0
2024-02-18 05:00:00,4.955232,-3.8359804,149.0562,0.0,0.0,261.16367,0.0006202982,101300.0,0.0
2024-02-18 06:00:00,4.678269,-3.7438517,147.97682,0.0,0.0,261.58582,0.0005739744,101300.0,0.0
2024-02-18 07:00:00,5.3743873,-3.7585113,147.71086,0.0,0.0,260.72614,0.00064452353,101300.0,0.0
2024-02-18 08:00:00,5.394028,-4.4586654,147.94238,0.0,0.0,261.76303,0.00056604855,101300.0,0.0
2024-02-18 09:00:00,5.8828034,-4.6413007,145.96059,0.0,0.0,261.88095,0.00052246195,101300.0,0.0
2024-02-18 10:00:00,5.162399,-4.6274385,145.03123,0.0,0.0,262.71713,0.00047161087,101300.0,0.0
2024-02-18 11:00:00,4.6098194,-3.877885,143.08713,0.0,0.0,263.27853,0.0004371677,101300.0,0.0
2024-02-18 12:00:00,5.0276995,-4.119368,144.4279,0.0,0.0,262.74353,0.00042366885,101300.0,0.0
2024-02-18 13:00:00,5.2028904,-4.155903,144.30832,0.0,0.0,262.12915,0.00039018254,101300.0,0.0
2024-02-18 14:00:00,5.1781697,-3.8356268,143.16833,0.0,0.0,261.8959,0.00035774912,101300.0,0.0
2024-02-18 15:00:00,5.766151,-4.4272814,144.96881,0.0,0.0,262.32855,0.00040553015,101300.0,265.70526
2024-02-18 16:00:00,4.884409,-3.2370539,150.75562,0.0,0.0,265.37622,0.00059223466,101300.0,492.61084
2024-02-18 17:00:00,5.7844996,-4.0113616,168.90594,0.0,0.0,268.1297,0.00093345606,101300.0,645.5129
2024-02-18 18:00:00,9.305266,-6.5448675,182.6244,0.0,0.0,267.88544,0.0014614899,101300.0,726.27826
2024-02-18 19:00:00,11.2957535,-6.8102407,187.98341,0.0,0.0,267.99203,0.0020516422,101300.0,736.4588
2024-02-18 20:00:00,10.458301,-6.9166517,199.99991,0.0,0.0,268.2044,0.0023406683,101300.0,658.9186
2024-02-18 21:00:00,8.925258,-5.8270044,246.13293,0.0,0.0,267.8952,0.0026288608,101300.0,409.43692
2024-02-18 22:00:00,6.461397,-1.7141889,196.38441,0.0,0.0,268.3798,0.0028829658,101300.0,324.4809
2024-02-18 23:00:00,4.5396137,-1.4986258,230.70226,0.0,0.0,268.6185,0.0030392352,101300.0,29.494387
2024-02-19 00:00:00,4.212325,-0.92268777,278.92502,0.0,0.0,267.08154,0.0028043226,101300.0,49.51538
2024-02-19 01:00:00,-0.79646844,0.44201702,248.35649,0.0,0.0,264.11655,0.0024424428,101300.0,0.0
2024-02-19 02:00:00,-0.27946034,2.196215,181.95445,0.0,0.0,262.34378,0.001968797,101300.0,0.0
2024-02-19 03:00:00,7.312017,-3.0956879,178.55452,0.0,0.0,263.16055,0.002220887,101300.0,0.0
2024-02-19 04:00:00,2.1818163,-1.4097648,197.29498,0.0,0.0,262.85562,0.0021636463,101300.0,0.0
2024-02-19 05:00:00,0.23719543,0.19366395,222.1591,4.613754e-06,4.613754e-06,263.01733,0.0021481658,101300.0,0.0
2024-02-19 06:00:00,7.5395856,-4.725274,189.45853,0.053901695,0.053901695,263.11627,0.0021586244,101300.0,0.0
2024-02-19 07:00:00,5.307096,-4.8310976,184.79749,0.03889292,0.03889292,262.69565,0.0020637359,101300.0,0.0
2024-02-19 08:00:00,6.8760433,-4.7669535,177.86351,0.0,0.0,262.31262,0.0019939502,101300.0,0.0
2024-02-19 09:00:00,7.281176,-4.056608,182.46616,0.0,0.0,262.6429,0.0020695017,101300.0,0.0
2024-02-19 10:00:00,6.2594237,-3.4186041,176.40028,0.0,0.0,262.3443,0.001987976,101300.0,0.0
2024-02-19 11:00:00,5.470332,-3.262319,178.1679,0.0,0.0,262.43823,0.0019870894,101300.0,0.0
2024-02-19 12:00:00,6.2680902,-3.3554482,170.08289,0.0,0.0,262.08725,0.00186617,101300.0,0.0
2024-02-19 13:00:00,5.973349,-5.063235,171.18504,0.0,0.0,262.12283,0.0018699454,101300.0,0.0
2024-02-19 14:00:00,6.8063054,-6.1386642,171.59305,0.0,0.0,262.26895,0.001831335,101300.0,0.0
2024-02-19 15:00:00,8.611605,-6.6325097,174.20091,0.0,0.0,264.23364,0.0018591775,101300.0,258.8854
2024-02-19 16:00:00,9.793156,-6.592166,173.54471,0.0,0.0,267.01804,0.0019133614,101300.0,485.82144
2024-02-19 17:00:00,11.260882,-6.4553027,177.15144,0.0,0.0,268.4551,0.0020142898,101300.0,648.9271
2024-02-19 18:00:00,10.534286,-6.326092,177.88142,0.0,0.0,269.54187,0.0021169747,101300.0,742.8947
2024-02-19 19:00:00,11.258912,-6.1908393,183.29115,0.0,0.0,270.4042,0.0026597267,101300.0,755.54926
2024-02-19 20:00:00,11.618833,-6.392264,177.14294,0.0,0.0,271.10147,0.0022298675,101300.0,699.24274
2024-02-19 21:00:00,11.895889,-6.9528,173.40468,0.0,0.0,271.22653,0.001948194,101300.0,562.618
2024-02-19 22:00:00,10.605883,-6.3842034,179.50374,0.0,0.0,271.3488,0.0019531462,101300.0,347.06238
2024-02-19 23:00:00,8.424171,-4.867256,181.14339,0.0,0.0,270.48883,0.0018733954,101300.0,41.42695
2024-02-20 00:00:00,8.414804,-4.3878856,179.21333,0.0,0.0,269.12445,0.0018305777,101300.0,115.67241
2024-02-20 01:00:00,5.5254827,-2.2460701,178.88016,0.0,0.0,267.54895,0.0016691411,101300.0,0.0
2024-02-20 02:00:00,4.7079716,-1.1287427,177.81444,0.0,0.0,266.25644,0.0014450332,101300.0,0.0
2024-02-20 03:00:00,7.2205915,-2.3970075,181.56795,0.0,0.0,265.85077,0.0014601236,101300.0,0.0
2024-02-20 04:00:00,8.861851,-3.2126737,182.64215,0.0,0.0,266.85233,0.001720267,101300.0,0.0
2024-02-20 05:00:00,8.51917,-5.1210375,183.11003,0.0,0.0,266.97495,0.0017846336,101300.0,0.0
2024-02-20 06:00:00,8.47143,-5.313717,184.39996,0.0,0.0,266.6897,0.0018987168,101300.0,0.0
2024-02-20 07:00:00,9.593544,-4.986824,188.12923,0.0,0.0,266.8792,0.0021155535,101300.0,0.0
2024-02-20 08:00:00,9.911718,-5.3006825,189.19539,0.0,0.0,267.03726,0.0022091756,101300.0,0.0
2024-02-20 09:00:00,7.4095583,-4.9012747,190.15318,0.0,0.0,267.07617,0.0023613668,101300.0,0.0
2024-02-20 10:00:00,8.052556,-4.874453,194.2143,0.0,0.0,267.26834,0.0026609425,101300.0,0.0
2024-02-20 11:00:00,8.694273,-5.738563,196.97293,0.0,0.0,267.17368,0.0027016592,101300.0,0.0
2024-02-20 12:00:00,7.706744,-4.9295077,204.1822,0.0,0.0,267.5641,0.0028078645,101300.0,0.0
2024-02-20 13:00:00,5.950495,-4.2936406,198.18736,0.0,0.0,267.52106,0.0027924392,101300.0,0.0
2024-02-20 14:00:00,6.5172963,-4.174816,197.44649,0.0,0.0,266.80505,0.002703851,101300.0,0.0
2024-02-20 15:00:00,5.0994816,-3.1255543,199.41385,0.0,0.0,268.33075,0.0031430998,101300.0,255.2607
2024-02-20 16:00:00,5.599374,-3.2133973,198.4177,0.0,0.0,270.53854,0.0032676056,101300.0,476.8891
2024-02-20 17:00:00,4.918666,-2.4112499,205.13158,0.0,0.0,271.14172,0.003423151,101300.0,627.0474
2024-02-20 18:00:00,3.6015282,-0.97957635,211.335,0.0,0.0,272.3382,0.0035645978,101300.0,699.6304
2024-02-20 19:00:00,6.85459,-1.1138694,205.22879,0.0,0.0,273.18127,0.0032532644,101300.0,743.8828
2024-02-20 20:00:00,7.274119,-1.1644968,207.92593,0.0,0.0,273.5524,0.0033245538,101300.0,679.31165
2024-02-20 21:00:00,8.3386345,-1.2529244,206.40211,0.0,0.0,273.2875,0.0033010165,101300.0,544.4479
2024-02-20 22:00:00,6.266449,0.2842219,206.89676,0.0,0.0,273.07355,0.0033242346,101300.0,341.38092
2024-02-20 23:00:00,6.6026936,0.050976038,207.65508,0.0,0.0,272.49323,0.0033204257,101300.0,46.495632
2024-02-21 00:00:00,4.24392,-0.9569107,214.69324,0.0,0.0,270.8335,0.0033119854,101300.0,108.2641
2024-02-21 01:00:00,4.617015,-2.4598703,209.14911,0.0,0.0,268.33774,0.0031277058,101300.0,0.0
2024-02-21 02:00:00,-1.8701687,0.91914415,238.9676,0.0,0.0,268.12915,0.0029880092,101300.0,0.0
2024-02-21 03:00:00,-3.5831819,-0.5155967,208.03897,0.0,0.0,267.16086,0.0028259715,101300.0,0.0
2024-02-21 04:00:00,-1.4792308,-1.0852708,203.19472,0.0,0.0,267.58105,0.0028521651,101300.0,0.0
2024-02-21 05:00:00,4.797431,-2.1561925,196.36409,0.0,0.0,267.15845,0.002441734,101300.0,0.0
2024-02-21 06:00:00,4.8557067,-1.10064,196.16478,0.0,0.0,267.2623,0.0024972335,101300.0,0.0
2024-02-21 07:00:00,5.273287,-1.5322204,192.34113,0.0,0.0,267.3114,0.0021905664,101300.0,0.0
2024-02-21 08:00:00,6.5570827,-1.5682437,193.57434,0.0,0.0,267.42145,0.0022592964,101300.0,0.0
2024-02-21 09:00:00,6.3109255,-2.4077308,192.6066,0.0,0.0,267.1845,0.002471434,101300.0,0.0
2024-02-21 10:00:00,5.884645,-1.4574838,192.9896,0.0,0.0,267.38086,0.0025817526,101300.0,0.0
2024-02-21 11:00:00,6.0682874,-1.0236418,191.52605,0.0,0.0,267.26144,0.002415644,101300.0,0.0
2024-02-21 12:00:00,7.430933,-0.026594112,191.19316,0.0,0.0,267.29095,0.002090233,101300.0,0.0
2024-02-21 13:00:00,7.449379,-1.4610859,188.94687,0.0,0.0,267.0642,0.0020952686,101300.0,0.0
2024-02-21 14:00:00,4.0084643,0.42111596,187.01326,0.0,0.0,266.7447,0.002158297,101300.0,0.0
2024-02-21 15:00:00,4.943041,0.260466,178.25008,0.0,0.0,267.89908,0.0016312861,101300.0,274.72742
2024-02-21 16:00:00,5.807959,0.3468712,180.543,0.0,0.0,270.31198,0.0014591902,101300.0,495.51547
2024-02-21 17:00:00,7.9434466,-0.21615554,181.61339,0.0,0.0,271.2217,0.0016322571,101300.0,659.84985
2024-02-21 18:00:00,7.7300444,0.9565702,180.49832,0.0,0.0,271.54623,0.0014898286,101300.0,753.1526
2024-02-21 19:00:00,8.138735,0.669658,185.74716,0.0,0.0,271.8417,0.0016915011,101300.0,761.13763
2024-02-21 20:00:00,8.3852005,0.6682622,186.2964,0.0,0.0,271.93195,0.001705594,101300.0,699.22577
2024-02-21 21:00:00,8.752431,-0.39412776,183.35706,0.0,0.0,271.76706,0.0015447391,101300.0,563.1042
2024-02-21 22:00:00,9.163371,-0.20356621,184.75307,0.0,0.0,271.03552,0.0015464274,101300.0,348.4122
2024-02-21 23:00:00,8.343335,-2.3601139,184.70265,0.0,0.0,270.3763,0.0017300609,101300.0,54.60414
2024-02-22 00:00:00,7.8430853,-2.5843189,184.11897,0.0,0.0,269.40036,0.0018665585,101300.0,120.1506
2024-02-22 01:00:00,6.484187,-3.161819,185.35388,0.0,0.0,267.31137,0.0021111527,101300.0,0.0
2024-02-22 02:00:00,8.220012,-4.641685,179.09619,0.0,0.0,266.22534,0.0019146504,101300.0,0.0
2024-02-22 03:00:00,6.519371,-4.8386726,180.45409,0.0,0.0,265.91605,0.0020279302,101300.0,0.0
2024-02-22 04:00:00,9.688007,-4.488435,176.7433,0.0,0.0,265.87317,0.0018525604,101300.0,0.0
2024-02-22 05:00:00,9.8061,-5.5183525,174.40959,0.0,0.0,265.4521,0.0020389063,101300.0,0.0
2024-02-22 06:00:00,9.58451,-4.445102,173.47212,0.0,0.0,264.9121,0.0020739147,101300.0,0.0
2024-02-22 07:00:00,10.29448,-6.180751,174.04907,0.0,0.0,264.61588,0.0021666875,101300.0,0.0
2024-02-22 08:00:00,10.073118,-6.490739,172.93304,0.0,0.0,263.97717,0.002222319,101300.0,0.0
2024-02-22 09:00:00,9.143966,-6.000514,173.82854,0.0,0.0,263.69293,0.0022409142,101300.0,0.0
2024-02-22 10:00:00,9.929502,-5.8834047,180.36916,0.0,0.0,263.71173,0.0022782646,101300.0,0.0
2024-02-22 11:00:00,7.839372,-5.109838,175.49675,0.0,0.0,263.59238,0.002245391,101300.0,0.0
2024-02-22 12:00:00,4.629812,-4.470536,174.04312,0.00044537688,0.00044537688,262.78268,0.0020610064,101300.0,0.0
2024-02-22 13:00:00,5.150632,-3.6400373,173.20396,0.0,0.0,262.33517,0.0019965507,101300.0,0.0
2024-02-22 14:00:00,1.384045,0.21464479,178.19081,0.0,0.0,260.88306,0.0016566656,101300.0,0.0
2024-02-22 15:00:00,3.0864263,-1.2343632,181.09776,4.613754e-06,4.613754e-06,262.62372,0.0020054872,101300.0,262.83322
2024-02-22 16:00:00,4.291766,-3.8188903,181.04405,0.0,0.0,265.31058,0.0021644963,101300.0,475.5009
2024-02-22 17:00:00,5.259763,-3.776483,183.84924,0.0,0.0,265.9672,0.002179102,101300.0,642.3518
2024-02-22 18:00:00,5.4083967,-3.566175,188.23543,0.0,0.0,266.541,0.0022546202,101300.0,723.0354
2024-02-22 19:00:00,5.239229,-3.953448,185.02199,0.0,0.0,266.9246,0.0022086562,101300.0,755.13837
2024-02-22 20:00:00,5.3884335,-3.5342772,187.44666,0.0,0.0,267.2255,0.0024411464,101300.0,697.9881
2024-02-22 21:00:00,6.3649106,-4.012075,186.63058,0.0,0.0,267.0919,0.0022618999,101300.0,555.69476
2024-02-22 22:00:00,5.464328,-3.6027868,187.37585,0.0,0.0,266.78903,0.0022792076,101300.0,343.46097
2024-02-22 23:00:00,5.6014433,-2.7243776,190.36671,0.0,0.0,266.8633,0.0022691612,101300.0,57.931076
2024-02-23 00:00:00,6.2190933,-2.6891394,261.38504,0.0,0.0,265.38693,0.002329271,101300.0,59.190083
2024-02-23 01:00:00,5.685247,-3.8081203,173.19843,0.0,0.0,262.39035,0.0019875485,101300.0,0.0
2024-02-23 02:00:00,5.5539403,-4.224451,169.65315,0.0,0.0,261.65137,0.0018413769,101300.0,0.0
2024-02-23 03:00:00,4.448056,-3.2551916,169.29645,0.0,0.0,261.056,0.0017675882,101300.0,0.0
2024-02-23 04:00:00,5.1379466,-3.5915391,170.99983,0.0,0.0,261.08292,0.0017744678,101300.0,0.0
2024-02-23 05:00:00,6.0251775,-4.480373,164.03436,0.0,0.0,260.66122,0.001699902,101300.0,0.0
2024-02-23 06:00:00,7.911932,-5.9637494,164.65652,0.0,0.0,261.21262,0.0018082852,101300.0,0.0
2024-02-23 07:00:00,8.140149,-5.8016872,162.05844,0.0,0.0,261.14267,0.0017625552,101300.0,0.0
2024-02-23 08:00:00,7.0294747,-5.9861164,168.74771,0.0,0.0,261.19485,0.0018136841,101300.0,0.0
2024-02-23 09:00:00,6.548557,-5.676521,166.26498,0.0,0.0,260.84546,0.0017801172,101300.0,0.0
2024-02-23 10:00:00,6.184657,-5.436677,161.31577,0.0,0.0,260.2843,0.001693268,101300.0,0.0
2024-02-23 11:00:00,6.335136,-4.8095207,163.06064,0.0,0.0,260.1946,0.0016834618,101300.0,0.0
2024-02-23 12:00:00,7.081507,-4.5146465,165.55946,0.0,0.0,260.5501,0.00171594,101300.0,0.0
2024-02-23 13:00:00,7.568742,-5.246541,162.21895,0.0,0.0,260.2735,0.0016742566,101300.0,0.0
2024-02-23 14:00:00,7.0436544,-4.727929,163.68501,0.0,0.0,260.07022,0.0016291866,101300.0,0.0
2024-02-23 15:00:00,6.519596,-4.2692633,165.34058,0.0,0.0,261.89474,0.0018324926,101300.0,280.33438
2024-02-23 16:00:00,7.714944,-5.316308,168.35358,0.0,0.0,263.0008,0.0019243433,101300.0,507.24265
2024-02-23 17:00:00,8.334792,-6.4946713,166.88478,0.0,0.0,263.61737,0.001995524,101300.0,672.1803
2024-02-23 18:00:00,11.094198,-6.9171863,162.47815,0.0,0.0,264.3556,0.001957235,101300.0,777.7512
2024-02-23 19:00:00,7.6743665,-7.6914682,164.68318,0.0,0.0,265.229,0.0020813174,101300.0,789.8566
2024-02-23 20:00:00,10.559826,-8.268789,164.86943,0.0,0.0,265.8803,0.002009543,101300.0,723.6831
2024-02-23 21:00:00,8.504364,-8.006152,161.91374,0.0,0.0,266.27856,0.0020185309,101300.0,584.01904
2024-02-23 22:00:00,8.063613,-6.8977413,162.67632,0.0,0.0,266.50015,0.0019764302,101300.0,371.75534
2024-02-23 23:00:00,8.178921,-6.3765063,160.77815,0.0,0.0,266.7169,0.0019144879,101300.0,70.556465
2024-02-24 00:00:00,8.587206,-6.1152477,160.46817,0.0,0.0,266.11395,0.00183946,101300.0,135.07436
2024-02-24 01:00:00,8.501954,-5.811017,160.84555,0.0,0.0,263.9755,0.0018402401,101300.0,0.0
2024-02-24 02:00:00,8.851728,-5.9353166,160.71977,0.0,0.0,263.51947,0.0017781284,101300.0,0.0
2024-02-24 03:00:00,8.737552,-6.591434,161.72545,0.0,0.0,263.24246,0.001812231,101300.0,0.0
2024-02-24 04:00:00,9.919448,-6.6588817,161.02298,0.0,0.0,263.07883,0.0016832713,101300.0,0.0
2024-02-24 05:00:00,10.027919,-7.4807267,157.72084,0.0,0.0,262.6756,0.0015539951,101300.0,0.0
2024-02-24 06:00:00,10.041827,-7.4046845,155.94327,0.0,0.0,262.5998,0.0013281172,101300.0,0.0
2024-02-24 07:00:00,9.303282,-7.3060536,154.85918,0.0,0.0,262.64847,0.0012238832,101300.0,0.0
2024-02-24 08:00:00,9.664208,-7.0918446,154.6404,0.0,0.0,262.89444,0.001123938,101300.0,0.0
2024-02-24 09:00:00,10.255824,-6.95081,156.17511,0.0,0.0,263.2207,0.0011345926,101300.0,0.0
2024-02-24 10:00:00,10.49756,-6.55877,157.51837,0.0,0.0,263.6783,0.001065699,101300.0,0.0
2024-02-24 11:00:00,9.977595,-6.290007,159.49365,0.0,0.0,263.81976,0.0010961936,101300.0,0.0
2024-02-24 12:00:00,8.896503,-5.8956842,159.59824,0.0,0.0,263.89972,0.0010349626,101300.0,0.0
2024-02-24 13:00:00,8.164101,-5.6309133,160.18086,0.0,0.0,263.9923,0.0009941054,101300.0,0.0
2024-02-24 14:00:00,7.5721793,-5.3475423,159.21204,0.0,0.0,263.78165,0.00091534504,101300.0,0.0
2024-02-24 15:00:00,7.2622585,-5.5181127,160.65492,0.0,0.0,265.3527,0.0009974603,101300.0,297.95596
2024-02-24 16:00:00,7.0901747,-5.206792,162.80836,0.0,0.0,267.3694,0.0010796118,101300.0,523.938
2024-02-24 17:00:00,7.0504665,-4.5715284,164.83449,0.0,0.0,269.0021,0.001232373,101300.0,689.79034
2024-02-24 18:00:00,7.9041076,-5.052673,167.96764,0.0,0.0,269.8624,0.0013224761,101300.0,781.6507
2024-02-24 19:00:00,7.256529,-4.67687,173.84035,0.0,0.0,271.03375,0.0018133227,101300.0,792.8097
2024-02-24 20:00:00,7.561134,-4.0792947,179.54178,0.0,0.0,271.9409,0.0022893436,101300.0,721.92535
2024-02-24 21:00:00,7.269602,-4.1251435,179.15977,0.0,0.0,271.75845,0.002108938,101300.0,583.2602
2024-02-24 22:00:00,7.172418,-3.8296459,184.55936,0.0,0.0,271.68314,0.0024214883,101300.0,370.07092
2024-02-24 23:00:00,7.2129745,-3.746364,187.9962,0.0,0.0,271.5617,0.0025832178,101300.0,75.25075
2024-02-25 00:00:00,6.0276628,-3.0642736,181.80902,0.0,0.0,269.89285,0.0020086206,101300.0,134.95915
2024-02-25 01:00:00,5.657432,-3.2711658,183.46829,0.0,0.0,267.74866,0.001986612,101300.0,0.0
2024-02-25 02:00:00,5.7577014,-3.4081206,174.61778,0.0,0.0,266.90192,0.0014248198,101300.0,0.0
2024-02-25 03:00:00,5.8784204,-3.9324214,173.62263,0.0,0.0,266.48483,0.0012424756,101300.0,0.0
2024-02-25 04:00:00,6.1071773,-3.972939,173.59486,0.0,0.0,266.09094,0.0014108698,101300.0,0.0
2024-02-25 05:00:00,5.876138,-4.6630034,176.05629,0.0,0.0,265.92844,0.0017372528,101300.0,0.0
2024-02-25 06:00:00,6.64788,-4.8961434,172.7131,0.0,0.0,265.77774,0.0015914356,101300.0,0.0
2024-02-25 07:00:00,7.1802397,-5.703894,170.7663,0.0,0.0,265.4845,0.0015302161,101300.0,0.0
2024-02-25 08:00:00,7.9316044,-5.4298544,169.06917,0.0,0.0,265.36502,0.0014205994,101300.0,0.0
2024-02-25 09:00:00,8.049843,-5.4982276,167.48758,0.0,0.0,265.18835,0.0013647617,101300.0,0.0
2024-02-25 10:00:00,8.801699,-5.551683,166.79845,0.0,0.0,265.26926,0.001301862,101300.0,0.0
2024-02-25 11:00:00,8.448925,-5.93216,166.49054,0.0,0.0,265.15576,0.0012488486,101300.0,0.0
2024-02-25 12:00:00,10.314374,-6.3418875,165.50961,0.0,0.0,265.3761,0.0012530055,101300.0,0.0
2024-02-25 13:00:00,8.78432,-6.2100215,164.7057,0.0,0.0,264.99796,0.0011502209,101300.0,0.0
2024-02-25 14:00:00,9.269091,-6.250931,167.40189,0.0,0.0,264.9646,0.0011609265,101300.0,0.0
2024-02-25 15:00:00,8.661815,-6.234477,170.33295,0.0,0.0,266.5204,0.0013279252,101300.0,299.32648
2024-02-25 16:00:00,9.064779,-6.5260644,173.30295,0.0,0.0,268.20993,0.0016471077,101300.0,523.1381
2024-02-25 17:00:00,8.4776125,-5.4850483,178.57652,0.0,0.0,269.73215,0.0017935461,101300.0,682.32214
2024-02-25 18:00:00,9.056646,-4.668421,182.1699,0.0,0.0,270.69,0.0019625954,101300.0,772.9172
2024-02-25 19:00:00,10.841525,-2.6737378,182.4248,0.0,0.0,271.60065,0.00205068,101300.0,789.60583
2024-02-25 20:00:00,10.779465,-1.5466424,182.70966,0.0,0.0,272.43774,0.0019996765,101300.0,726.1564
2024-02-25 21:00:00,9.939948,-2.162573,190.95267,0.0,0.0,272.78384,0.0024324267,101300.0,581.18976
2024-02-25 22:00:00,8.528314,-1.9660476,191.56757,0.0,0.0,273.0601,0.0021220138,101300.0,373.63995
2024-02-25 23:00:00,7.717116,-2.0921524,195.59167,0.0,0.0,272.96072,0.0022030214,101300.0,80.61422
2024-02-26 00:00:00,6.3499613,-1.470852,195.84448,0.0,0.0,272.03854,0.0022771,101300.0,135.70631
2024-02-26 01:00:00,2.2637358,-1.9232999,194.44704,0.0,0.0,268.76285,0.0022833114,101300.0,0.0
2024-02-26 02:00:00,2.5645137,-1.8598087,193.62685,0.0,0.0,268.0253,0.0019913889,101300.0,0.0
2024-02-26 03:00:00,0.34573302,-2.671437,194.29253,0.0,0.0,267.52304,0.00212102,101300.0,0.0
2024-02-26 04:00:00,-0.64373153,-3.1354206,192.11977,0.0,0.0,267.01804,0.0019478811,101300.0,0.0
2024-02-26 05:00:00,2.0671847,-3.2037418,190.04399,0.0,0.0,266.24628,0.0020398868,101300.0,0.0
2024-02-26 06:00:00,3.119349,-2.8131115,189.10072,0.0,0.0,266.3431,0.0021357853,101300.0,0.0
2024-02-26 07:00:00,2.8176389,-2.1065402,189.93707,0.0,0.0,266.1402,0.0021807428,101300.0,0.0
2024-02-26 08:00:00,4.1832757,-0.9568091,188.53963,0.0,0.0,266.39743,0.002261232,101300.0,0.0
2024-02-26 09:00:00,4.468268,0.12382814,191.52841,0.0,0.0,266.817,0.0024544878,101300.0,0.0
2024-02-26 10:00:00,3.734536,0.44095606,201.07936,0.0,0.0,266.92084,0.0026402902,101300.0,0.0
2024-02-26 11:00:00,4.9632263,0.19464731,210.64378,0.0,0.0,267.5949,0.0029763486,101300.0,0.0
2024-02-26 12:00:00,4.882475,0.10157527,212.24417,0.0,0.0,267.9602,0.0029740834,101300.0,0.0
2024-02-26 13:00:00,5.6142535,-0.069228224,222.34352,0.0,0.0,267.93546,0.0030518284,101300.0,0.0
2024-02-26 14:00:00,6.2383595,-0.119858235,238.46414,0.0,0.0,267.78534,0.0031513406,101300.0,0.0
2024-02-26 15:00:00,5.401428,-0.32028154,253.34904,0.056305833,0.056305833,268.8839,0.0033398892,101300.0,174.58324
2024-02-26 16:00:00,6.2993093,-0.18850768,276.7903,0.0,0.0,269.50165,0.0031262645,101300.0,218.4971
2024-02-26 17:00:00,8.410149,0.23454662,205.15074,0.0,0.0,270.4051,0.0029846078,101300.0,656.0941
2024-02-26 18:00:00,9.235211,1.2373089,233.82567,0.0,0.0,270.94458,0.0028648668,101300.0,692.0089
2024-02-26 19:00:00,8.929022,1.784062,257.46423,0.0,0.0,270.94135,0.002856685,101300.0,636.99786
2024-02-26 20:00:00,9.9196205,1.5093216,231.99498,0.0,0.0,271.68643,0.002560361,101300.0,630.56836
2024-02-26 21:00:00,10.125218,1.6978842,202.73303,0.0,0.0,272.39423,0.002310746,101300.0,579.04803
2024-02-26 22:00:00,9.869795,1.7817844,225.42555,0.0,0.0,272.23294,0.0021373413,101300.0,327.9425
2024-02-26 23:00:00,8.810447,2.3742025,231.70969,0.0,0.0,272.15857,0.002236077,101300.0,69.034584
2024-02-27 00:00:00,7.5801244,2.179091,198.13788,0.0,0.0,270.83673,0.0022700531,101300.0,137.83969
2024-02-27 01:00:00,4.5995793,1.7358396,192.64551,0.0,0.0,267.21426,0.0024048097,101300.0,0.0
2024-02-27 02:00:00,1.690593,1.6127664,192.16437,0.0,0.0,266.63306,0.002081189,101300.0,0.0
2024-02-27 03:00:00,-1.1907269,1.5316892,203.57689,0.0,0.0,266.20917,0.001856669,101300.0,0.0
2024-02-27 04:00:00,-0.807732,1.8150398,194.70172,0.0,0.0,265.50543,0.0019397837,101300.0,0.0
2024-02-27 05:00:00,-1.4218869,0.66303104,200.76501,0.0,0.0,265.39203,0.0021325734,101300.0,0.0
2024-02-27 06:00:00,4.0385957,1.3838937,185.45132,0.0,0.0,264.4114,0.0018327534,101300.0,0.0
2024-02-27 07:00:00,4.1966343,0.25214478,184.89574,0.0,0.0,264.09183,0.0019847513,101300.0,0.0
2024-02-27 08:00:00,4.7353425,0.13354851,187.02525,0.0,0.0,264.7884,0.0023674136,101300.0,0.0
2024-02-27 09:00:00,6.688599,0.5526596,190.44078,4.613754e-06,4.613754e-06,265.68253,0.00254095,101300.0,0.0
2024-02-27 10:00:00,7.9096084,-0.09497024,207.6265,0.0004819191,0.0004819191,266.07336,0.0025709183,101300.0,0.0
2024-02-27 11:00:00,7.96291,-0.7024893,256.47076,0.05589699,0.05589699,266.58505,0.002734523,101300.0,0.0
2024-02-27 12:00:00,8.1334,-0.7262498,249.38847,0.0,0.0,266.36383,0.002626253,101300.0,0.0
2024-02-27 13:00:00,7.4965234,0.008195931,211.01685,0.021288084,0.021288084,266.04346,0.0025469966,101300.0,0.0
2024-02-27 14:00:00,3.4204001,-0.6915011,224.25171,0.7551206,0.7551206,265.21893,0.002746949,101300.0,0.0
2024-02-27 15:00:00,3.9520981,-6.3417926,229.36768,1.2956673,1.2956673,263.84555,0.0022901054,101300.0,226.62778
2024-02-27 16:00:00,5.287088,-5.7115126,231.3844,1.3611283,1.3611283,263.6012,0.0021207351,101300.0,289.67157
2024-02-27 17:00:00,6.040098,-3.7794898,182.00708,0.91519314,0.91519314,263.30948,0.0019807662,101300.0,640.9244
2024-02-27 18:00:00,9.437507,-4.229279,171.35062,0.42692414,0.42692414,263.0652,0.0018831181,101300.0,793.04834
2024-02-27 19:00:00,8.275864,-2.2049208,172.6613,0.28702328,0.28702328,263.2167,0.0019508554,101300.0,796.11414
2024-02-27 20:00:00,9.214113,-2.3061829,181.0538,0.3,0.3,262.16666,0.0017873064,101300.0,718.5335
2024-02-27 21:00:00,9.550751,-1.4999793,192.84367,0.055419683,0.055419683,261.58246,0.0016401139,101300.0,558.79474
2024-02-27 22:00:00,7.5803843,-1.4967215,186.61226,0.08110736,0.08110736,260.5018,0.0015453201,101300.0,362.64627
2024-02-27 23:00:00,8.167614,-1.2753862,192.22672,0.0,0.0,259.81824,0.001404317,101300.0,77.42559
2024-02-28 00:00:00,8.7416725,-2.7608304,201.04439,0.07981595,0.07981595,258.04367,0.0012290647,101300.0,99.21324
2024-02-28 01:00:00,6.2464333,-1.7146202,185.56828,0.0,0.0,256.2121,0.0010866866,101300.0,0.0
2024-02-28 02:00:00,4.864228,-3.8530474,177.61523,0.048735175,0.048735175,254.86891,0.0010494723,101300.0,0.0
2024-02-28 03:00:00,8.492586,-6.565657,154.22186,0.0,0.0,253.23303,0.0008905899,101300.0,0.0
2024-02-28 04:00:00,13.033644,-8.473706,139.72371,0.0,0.0,252.09712,0.0007826414,101300.0,0.0
2024-02-28 05:00:00,10.812513,-6.558192,134.32957,0.0,0.0,251.98322,0.000726175,101300.0,0.0
2024-02-28 06:00:00,8.53395,-5.842501,139.14064,0.0,0.0,251.7385,0.0007572888,101300.0,0.0
2024-02-28 07:00:00,11.258063,-8.240652,141.01738,0.0,0.0,251.99843,0.0007609963,101300.0,0.0
2024-02-28 08:00:00,11.376994,-7.843729,132.5997,0.0,0.0,251.8516,0.0007283141,101300.0,0.0
2024-02-28 09:00:00,10.979915,-7.6136394,132.07637,0.0,0.0,252.27487,0.0007425458,101300.0,0.0
2024-02-28 10:00:00,13.39936,-7.6658163,134.02892,0.0,0.0,252.83118,0.0007391041,101300.0,0.0
2024-02-28 11:00:00,13.207647,-6.758085,137.75041,0.0,0.0,253.74976,0.0007796167,101300.0,0.0
2024-02-28 12:00:00,15.480433,-8.857515,139.7368,0.0,0.0,254.7925,0.00076596194,101300.0,0.0
2024-02-28 13:00:00,14.084213,-9.550104,142.76506,0.0,0.0,255.114,0.00074949843,101300.0,0.0
2024-02-28 14:00:00,13.721024,-10.13006,144.87778,0.0,0.0,256.3382,0.0007691714,101300.0,40.88979
2024-02-28 15:00:00,12.4935,-9.243664,148.53807,0.0,0.0,258.6402,0.00094611186,101300.0,329.88208
2024-02-28 16:00:00,8.96883,-7.045539,152.83813,0.0,0.0,262.01797,0.001085237,101300.0,555.426
2024-02-28 17:00:00,8.842674,-6.637756,158.17883,0.0,0.0,264.03873,0.0013302206,101300.0,719.3894
2024-02-28 18:00:00,5.1368074,-3.646689,167.557,0.0,0.0,266.28665,0.0016640885,101300.0,804.4307
2024-02-28 19:00:00,7.501331,-4.4799805,170.83014,0.0,0.0,267.26532,0.0017413674,101300.0,817.6084
2024-02-28 20:00:00,7.5300517,-4.101347,169.20987,0.0,0.0,267.94327,0.0018176074,101300.0,753.92975
2024-02-28 21:00:00,5.7477293,-2.4038513,175.14424,0.0,0.0,268.738,0.001988249,101300.0,607.2303
2024-02-28 22:00:00,5.4075665,-2.0961123,176.78613,0.0,0.0,269.33484,0.0021278556,101300.0,397.41742
2024-02-28 23:00:00,5.699839,-2.2202296,178.80751,0.0,0.0,269.24176,0.002153914,101300.0,101.506615
2024-02-29 00:00:00,3.8103125,-1.4799465,179.65219,0.0,0.0,268.16367,0.0020603475,101300.0,152.32088
2024-02-29 01:00:00,1.6737931,0.1237579,176.5968,0.0,0.0,265.47583,0.001826652,101300.0,0.0
2024-02-29 02:00:00,-1.202255,-1.1136432,175.95636,0.0,0.0,264.60236,0.0014537737,101300.0,0.0
2024-02-29 03:00:00,2.8872452,-1.1989027,173.73096,0.0,0.0,263.4907,0.0012236635,101300.0,0.0
2024-02-29 04:00:00,2.139249,-1.4704708,175.7757,0.0,0.0,262.97687,0.0012154713,101300.0,0.0
2024-02-29 05:00:00,2.2200096,-1.0108554,174.49681,0.0,0.0,262.76724,0.0010904865,101300.0,0.0
2024-02-29 06:00:00,2.8256161,-0.7658473,174.37643,0.0,0.0,262.713,0.0010707468,101300.0,0.0
2024-02-29 07:00:00,4.2393365,-1.1771803,171.8079,0.0,0.0,262.93445,0.0011217031,101300.0,0.0
2024-02-29 08:00:00,1.4270769,-1.490248,171.5177,0.0,0.0,262.33313,0.001072088,101300.0,0.0
2024-02-29 09:00:00,4.188447,-1.6471865,169.84926,0.0,0.0,262.29367,0.0010329116,101300.0,0.0
2024-02-29 10:00:00,8.830869,-5.5985665,170.23183,0.0,0.0,263.76382,0.0011194875,101300.0,0.0
2024-02-29 11:00:00,9.20743,-6.110284,171.79114,0.0,0.0,264.38467,0.0010592903,101300.0,0.0
2024-02-29 12:00:00,9.420685,-6.5756373,174.15112,0.0,0.0,264.41882,0.0010912613,101300.0,0.0
2024-02-29 13:00:00,9.544553,-6.530849,173.07393,0.0,0.0,264.26596,0.0010166258,101300.0,0.0
2024-02-29 14:00:00,8.709858,-6.307559,176.67166,0.0,0.0,264.0799,0.0011338062,101300.0,44.005306
2024-02-29 15:00:00,9.28032,-6.436185,177.37854,0.0,0.0,265.60492,0.0010005379,101300.0,323.68433
2024-02-29 16:00:00,9.147348,-6.2165923,181.14175,0.0,0.0,268.11963,0.0013062286,101300.0,546.3059
2024-02-29 17:00:00,8.761985,-5.8173027,178.2912,0.0,0.0,270.1118,0.0012218158,101300.0,715.0764
2024-02-29 18:00:00,9.444471,-5.608943,174.61824,0.0,0.0,270.4159,0.0012811613,101300.0,812.2734
2024-02-29 19:00:00,8.441371,-5.086208,174.15292,0.0,0.0,271.20337,0.0013561305,101300.0,825.68665
2024-02-29 20:00:00,7.407719,-4.4016213,178.75098,0.0,0.0,271.67725,0.0016227427,101300.0,755.948
2024-02-29 21:00:00,8.120152,-4.378126,180.55482,0.0,0.0,271.8329,0.001821506,101300.0,614.2153
2024-02-29 22:00:00,5.8023396,-2.1205375,183.63855,0.0,0.0,271.8734,0.0019795839,101300.0,401.81305
2024-02-29 23:00:00,6.9864717,-3.2761765,181.9741,0.0,0.0,270.9271,0.001999255,101300.0,107.676834
2024-03-01 00:00:00,2.9144478,-0.8552568,187.28471,0.0,0.0,269.7822,0.0022499368,101300.0,154.90009
2024-03-01 01:00:00,-1.8009177,0.81932616,190.19655,0.0,0.0,267.6409,0.0023347116,101300.0,0.0
2024-03-01 02:00:00,0.3235646,1.4232628,187.91301,0.0,0.0,266.77676,0.0018650627,101300.0,0.0
2024-03-01 03:00:00,1.1285366,0.023191728,182.9588,0.0,0.0,265.6438,0.0016807632,101300.0,0.0
2024-03-01 04:00:00,-2.87007,0.28362188,178.38057,0.0,0.0,264.88803,0.0014222793,101300.0,0.0
2024-03-01 05:00:00,-0.13896458,0.71441114,176.0383,0.0,0.0,263.8004,0.0013308572,101300.0,0.0
2024-03-01 06:00:00,3.2014816,-0.5086997,179.27847,0.0,0.0,263.39923,0.001468817,101300.0,0.0
2024-03-01 07:00:00,8.595073,-3.636269,176.27205,0.0,0.0,264.7006,0.0017262923,101300.0,0.0
2024-03-01 08:00:00,11.510009,-5.5896025,176.67126,0.0,0.0,265.33664,0.0019229903,101300.0,0.0
2024-03-01 09:00:00,11.90319,-6.080397,176.73257,0.0,0.0,265.349,0.0020226683,101300.0,0.0
2024-03-01 10:00:00,10.732606,-5.559858,179.99854,0.0,0.0,265.0357,0.0021580236,101300.0,0.0
2024-03-01 11:00:00,13.53695,-5.8228273,177.5695,0.0,0.0,265.53842,0.0021526758,101300.0,0.0
2024-03-01 12:00:00,12.576146,-6.7568336,175.90056,0.0,0.0,265.27875,0.001949045,101300.0,0.0
2024-03-01 13:00:00,12.153532,-4.7269015,176.87296,0.0,0.0,265.43948,0.0017730613,101300.0,0.0
2024-03-01 14:00:00,11.059496,-3.7696438,177.228,0.0,0.0,265.62064,0.00176468,101300.0,50.84557
2024-03-01 15:00:00,8.625062,-3.0991266,177.80905,0.0,0.0,266.78735,0.0019345746,101300.0,333.37592
2024-03-01 16:00:00,10.626425,-4.27428,177.0126,0.0,0.0,268.51257,0.0019288046,101300.0,558.2729
2024-03-01 17:00:00,6.6929173,-2.27535,181.53189,0.0,0.0,269.6487,0.0022612335,101300.0,719.3003
2024-03-01 18:00:00,7.431109,-2.7737908,184.79199,0.0,0.0,269.87875,0.002577928,101300.0,808.0281
2024-03-01 19:00:00,7.7132506,-2.607417,189.77563,0.0,0.0,270.91614,0.0028682796,101300.0,819.80493
2024-03-01 20:00:00,6.351725,-1.1649313,193.17546,0.0,0.0,271.28412,0.0029565583,101300.0,749.32275
2024-03-01 21:00:00,6.5269184,-1.1168284,197.73792,0.0,0.0,271.94232,0.0031146156,101300.0,610.79425
2024-03-01 22:00:00,6.6246386,-2.7073197,199.94405,0.0,0.0,272.48682,0.0031166815,101300.0,399.41232
2024-03-01 23:00:00,6.2936845,-1.4472644,195.62704,0.0,0.0,272.2681,0.0030218398,101300.0,112.13331
2024-03-02 00:00:00,6.778236,-1.5745004,188.1087,0.0,0.0,271.0879,0.002656619,101300.0,161.67178
2024-03-02 01:00:00,1.4498441,-0.8172674,190.7917,0.0,0.0,268.6464,0.0026763487,101300.0,0.0
2024-03-02 02:00:00,1.8646777,-1.091709,184.44492,0.0,0.0,267.56436,0.002244193,101300.0,0.0
2024-03-02 03:00:00,1.4124757,-0.95846033,183.34875,0.0,0.0,267.42358,0.0018097467,101300.0,0.0
2024-03-02 04:00:00,4.0499625,0.13146089,175.10428,0.0,0.0,266.26773,0.0017030524,101300.0,0.0
2024-03-02 05:00:00,3.9841063,-0.64010495,175.6222,0.0,0.0,265.94244,0.00187603,101300.0,0.0
2024-03-02 06:00:00,7.679935,-0.24650143,177.74355,0.0,0.0,266.58325,0.0018892747,101300.0,0.0
2024-03-02 07:00:00,8.937051,1.220024,181.11302,0.0,0.0,267.04318,0.0020211837,101300.0,0.0
2024-03-02 08:00:00,5.3488336,2.8118823,180.08296,0.0,0.0,266.4695,0.0019922755,101300.0,0.0
2024-03-02 09:00:00,6.461947,1.9129033,178.51881,0.0,0.0,266.32645,0.0019949884,101300.0,0.0
2024-03-02 10:00:00,10.625312,0.7063523,177.92921,0.0,0.0,266.85013,0.0020851218,101300.0,0.0
2024-03-02 11:00:00,13.455358,-0.37723804,174.58173,0.0,0.0,266.9367,0.0019640916,101300.0,0.0
2024-03-02 12:00:00,13.104228,-1.777205,173.68628,0.0,0.0,266.63486,0.0018235014,101300.0,0.0
2024-03-02 13:00:00,14.226522,-1.3881623,171.54929,0.0,0.0,266.50412,0.0017287873,101300.0,0.0
2024-03-02 14:00:00,12.267055,-1.1836668,171.8887,0.0,0.0,266.33035,0.0017528444,101300.0,58.76057
2024-03-02 15:00:00,12.138754,-0.64629596,176.5316,0.0,0.0,267.951,0.0019063402,101300.0,343.27655
2024-03-02 16:00:00,16.452509,-1.9222915,175.93594,0.0,0.0,269.26306,0.0019837718,101300.0,569.94336
2024-03-02 17:00:00,15.213775,-1.953773,180.77034,0.0,0.0,270.49442,0.002158856,101300.0,729.99133
2024-03-02 18:00:00,14.832367,-1.9097519,183.91248,0.0,0.0,271.06207,0.00226582,101300.0,819.6201
2024-03-02 19:00:00,14.346442,-1.7551185,186.02786,0.0,0.0,271.60205,0.0022637267,101300.0,831.2631
2024-03-02 20:00:00,12.46887,-0.6970101,186.51375,0.0,0.0,272.08487,0.00230005,101300.0,762.75885
2024-03-02 21:00:00,10.827703,0.10672895,189.07585,0.0,0.0,272.79166,0.0026644613,101300.0,619.6146
2024-03-02 22:00:00,10.532741,1.6306326,189.44661,0.0,0.0,272.56863,0.0023917472,101300.0,410.32376
2024-03-02 23:00:00,7.1488442,3.8571708,190.13176,0.0,0.0,271.76956,0.0019917581,101300.0,117.80918
2024-03-03 00:00:00,5.7777033,4.0741982,193.1237,0.0,0.0,270.0723,0.0020812415,101300.0,161.33032
2024-03-03 01:00:00,2.3159547,2.160049,194.3203,0.0,0.0,268.24698,0.0021895675,101300.0,0.0
2024-03-03 02:00:00,0.70242697,1.0104564,202.47774,0.0,0.0,268.4451,0.0023338017,101300.0,0.0
2024-03-03 03:00:00,6.8371162,1.9408484,252.57895,0.0,0.0,267.48428,0.0025150403,101300.0,0.0
2024-03-03 04:00:00,7.6146684,0.9078258,241.38579,0.4478065,0.4478065,266.31116,0.0028772694,101300.0,0.0
2024-03-03 05:00:00,2.1861498,1.1711833,229.16434,1.1382045,1.1382045,266.07446,0.002976963,101300.0,0.0
2024-03-03 06:00:00,2.107754,1.1254721,258.61328,2.0373962,2.0373962,266.2331,0.0030786095,101300.0,0.0
2024-03-03 07:00:00,5.1998587,0.29262254,262.70334,2.8349705,2.8349705,266.00113,0.0029371679,101300.0,0.0
2024-03-03 08:00:00,6.650601,2.8503904,266.88583,0.77782357,0.77782357,265.84473,0.0026689868,101300.0,0.0
2024-03-03 09:00:00,5.5284805,-5.3858833,202.05899,2.8003616,2.8003616,262.7276,0.002054815,101300.0,0.0
2024-03-03 10:00:00,5.336295,-5.111624,171.76253,1.4197875,1.4197875,260.11807,0.0016863635,101300.0,0.0
2024-03-03 11:00:00,4.643558,-3.0177152,175.0171,0.6478703,0.6478703,258.01132,0.0013989954,101300.0,0.0
2024-03-03 12:00:00,5.2005134,-3.7092397,170.02644,0.747406,0.747406,257.75467,0.0013704448,101300.0,0.0
2024-03-03 13:00:00,3.8205972,-2.6951044,163.7009,0.53234065,0.53234065,257.5798,0.0013465154,101300.0,0.0
2024-03-03 14:00:00,3.298172,-1.5762284,175.1712,0.14290377,0.14290377,257.1912,0.0012974184,101300.0,49.941574
2024-03-03 15:00:00,2.484065,0.50727236,184.93091,0.0,0.0,259.5785,0.0014318194,101300.0,271.09933
2024-03-03 16:00:00,6.4335756,2.7573395,176.2777,0.0,0.0,262.70294,0.0017089099,101300.0,551.9977
2024-03-03 17:00:00,8.8252735,2.0837815,177.5239,0.0,0.0,263.55508,0.0018529504,101300.0,704.58875
2024-03-03 18:00:00,9.016659,1.8647326,183.30565,0.0,0.0,264.64886,0.001961425,101300.0,807.9357
2024-03-03 19:00:00,8.78654,3.2966757,208.71147,0.0,0.0,265.48022,0.0019993833,101300.0,764.6446
2024-03-03 20:00:00,9.817884,3.9208908,197.21078,0.0,0.0,265.54245,0.0020601219,101300.0,742.2965
2024-03-03 21:00:00,10.336654,2.7103589,193.99983,0.0,0.0,266.35876,0.0020623102,101300.0,609.1424
2024-03-03 22:00:00,8.316973,3.4037127,206.9983,0.0,0.0,266.49774,0.0021016172,101300.0,381.57434
2024-03-03 23:00:00,9.169985,2.6416616,196.69742,0.0,0.0,266.37772,0.0019829061,101300.0,116.73692
2024-03-04 00:00:00,7.567787,2.4889486,192.4528,0.0,0.0,266.1692,0.0019885965,101300.0,161.93495
2024-03-04 01:00:00,5.4893517,1.3367381,186.19754,0.0,0.0,264.4997,0.002145117,101300.0,0.0
2024-03-04 02:00:00,4.032258,0.43026683,185.94638,0.0,0.0,263.7003,0.0021243633,101300.0,0.0
2024-03-04 03:00:00,3.4464931,-0.30115256,181.90413,0.0,0.0,263.27734,0.0018611947,101300.0,0.0
2024-03-04 04:00:00,0.8143394,-0.05055002,181.55287,0.0,0.0,263.32758,0.0016870094,101300.0,0.0
2024-03-04 05:00:00,1.4195788,0.062387414,180.46071,0.0,0.0,263.09146,0.0015525742,101300.0,0.0
2024-03-04 06:00:00,1.7274107,-0.07631631,181.89037,0.0,0.0,262.73648,0.0016353006,101300.0,0.0
2024-03-04 07:00:00,1.9760246,-0.115656056,177.48096,0.0,0.0,261.92044,0.0016608073,101300.0,0.0
2024-03-04 08:00:00,3.7329855,-1.1038555,173.031,0.0,0.0,261.26303,0.0016735721,101300.0,0.0
2024-03-04 09:00:00,3.0716546,-0.68166447,169.77937,0.0,0.0,260.79034,0.0016087838,101300.0,0.0
2024-03-04 10:00:00,5.356403,-0.89169747,166.21936,0.0,0.0,260.3421,0.0015065062,101300.0,0.0
2024-03-04 11:00:00,7.0023513,-0.27862403,166.31726,0.0,0.0,260.86478,0.0015477486,101300.0,0.0
2024-03-04 12:00:00,2.1858828,0.09949985,169.80905,0.0,0.0,260.76895,0.001599215,101300.0,0.0
2024-03-04 13:00:00,4.967571,0.5891361,172.21527,0.0,0.0,260.38776,0.0015599203,101300.0,0.0
2024-03-04 14:00:00,0.08318837,1.6840261,177.16582,0.0,0.0,260.0473,0.0014871726,101300.0,63.878162
2024-03-04 15:00:00,-0.52528447,1.0268391,170.71129,0.0,0.0,261.55908,0.0018188488,101300.0,347.3508
2024-03-04 16:00:00,4.7832575,1.0006325,171.386,0.0,0.0,264.43304,0.0020838974,101300.0,570.3598
2024-03-04 17:00:00,9.552264,-0.33933702,170.88673,0.0,0.0,266.46994,0.00226764,101300.0,742.089
2024-03-04 18:00:00,12.631783,-1.4921696,174.00653,0.0,0.0,267.47647,0.002140979,101300.0,835.02637
2024-03-04 19:00:00,11.770923,-1.4307095,178.15799,0.0,0.0,267.8015,0.0022506397,101300.0,840.25555
2024-03-04 20:00:00,12.094398,-1.3788836,176.2353,0.0,0.0,267.7017,0.0022552563,101300.0,774.8952
2024-03-04 21:00:00,11.594991,-1.5697801,180.39607,0.0,0.0,267.98026,0.0022208444,101300.0,631.4622
2024-03-04 22:00:00,11.70363,-1.447548,177.7533,0.0,0.0,267.5043,0.002090372,101300.0,420.51285
2024-03-04 23:00:00,9.76007,0.28909013,185.46255,0.0,0.0,267.6128,0.0020499195,101300.0,127.59792
2024-03-05 00:00:00,10.172541,-1.0321493,184.07892,0.0,0.0,267.03583,0.0020024467,101300.0,166.58014
2024-03-05 01:00:00,8.587358,-2.6114519,178.48344,0.0,0.0,264.59738,0.001979625,101300.0,0.0
2024-03-05 02:00:00,5.6749206,-2.5363965,181.34335,0.0,0.0,263.70032,0.0020820925,101300.0,0.0
2024-03-05 03:00:00,4.9487286,-3.6853192,179.97351,0.0,0.0,263.03345,0.0020450966,101300.0,0.0
2024-03-05 04:00:00,4.193287,-4.121259,177.5012,0.0,0.0,262.8984,0.0020027233,101300.0,0.0
2024-03-05 05:00:00,6.0200334,-3.316352,182.88751,0.0,0.0,263.1634,0.0021144147,101300.0,0.0
2024-03-05 06:00:00,4.6699576,-3.0224304,185.71577,0.0,0.0,262.96063,0.0021011895,101300.0,0.0
2024-03-05 07:00:00,6.741047,-3.3276205,183.26617,0.0,0.0,263.01288,0.0020827742,101300.0,0.0
2024-03-05 08:00:00,8.697367,-4.6693172,175.60919,0.0,0.0,263.05084,0.0021192245,101300.0,0.0
2024-03-05 09:00:00,6.7519875,-3.2022173,176.81009,0.0,0.0,263.35233,0.0021651597,101300.0,0.0
2024-03-05 10:00:00,2.9312124,0.3112966,178.3869,0.0,0.0,262.43533,0.0019066022,101300.0,0.0
2024-03-05 11:00:00,3.593616,-0.86449265,182.95004,0.0,0.0,262.03363,0.0017787408,101300.0,0.0
2024-03-05 12:00:00,5.6561794,-2.1307878,176.08766,0.0,0.0,261.98865,0.001857232,101300.0,0.0
2024-03-05 13:00:00,6.162271,-3.027499,175.41777,0.0,0.0,262.66306,0.0019810172,101300.0,0.0
2024-03-05 14:00:00,6.286531,-3.5103865,173.1219,0.0,0.0,262.60965,0.0019695864,101300.0,74.79689
2024-03-05 15:00:00,7.9233747,-5.0676513,173.85832,0.0,0.0,264.4673,0.002084051,101300.0,356.69962
2024-03-05 16:00:00,7.1620593,-3.3659623,175.97168,0.0,0.0,265.92053,0.0022377623,101300.0,578.47327
2024-03-05 17:00:00,7.029667,-1.5165101,179.68787,0.0,0.0,267.35193,0.0023870287,101300.0,740.14764
2024-03-05 18:00:00,6.961538,-0.89623296,186.74655,0.0,0.0,268.0112,0.0025869112,101300.0,824.08997
2024-03-05 19:00:00,6.444568,-0.78271276,190.19151,0.0,0.0,268.7838,0.0025772091,101300.0,832.5708
2024-03-05 20:00:00,6.416958,-0.058311306,203.75473,0.0,0.0,269.09662,0.0023588338,101300.0,735.3725
2024-03-05 21:00:00,7.845305,0.15523225,205.95645,0.0,0.0,269.33902,0.0023399557,101300.0,600.7281
2024-03-05 22:00:00,6.624574,0.80772847,197.8126,0.0,0.0,269.3719,0.0024483753,101300.0,410.56662
2024-03-05 23:00:00,7.493791,0.1608485,192.86353,0.0,0.0,269.16986,0.0024525004,101300.0,135.43477
2024-03-06 00:00:00,7.2421756,-0.44778916,193.20189,0.0,0.0,268.10477,0.0022946415,101300.0,157.9104
2024-03-06 01:00:00,6.6587505,-1.6090112,185.33806,0.0,0.0,265.6044,0.0023071666,101300.0,0.0
2024-03-06 02:00:00,4.1007214,-0.8185244,180.59311,0.0,0.0,264.47314,0.0022328137,101300.0,0.0
2024-03-06 03:00:00,4.364605,-2.609095,182.05977,0.0,0.0,263.6429,0.0020210026,101300.0,0.0
2024-03-06 04:00:00,2.8436933,-0.13915619,180.28925,0.0,0.0,263.09274,0.0019675242,101300.0,0.0
2024-03-06 05:00:00,0.12367348,1.3602502,183.92351,0.0,0.0,262.3263,0.0016879712,101300.0,0.0
2024-03-06 06:00:00,0.18101151,-0.22978683,179.64917,0.0,0.0,262.56543,0.0017600423,101300.0,0.0
2024-03-06 07:00:00,-1.1916302,0.65163296,179.39178,0.0,0.0,262.29456,0.0016599409,101300.0,0.0
2024-03-06 08:00:00,1.4129264,-1.0879743,174.97896,0.0,0.0,261.71198,0.0015776152,101300.0,0.0
2024-03-06 09:00:00,1.0650425,-1.9642226,174.43271,0.0,0.0,261.51718,0.001542675,101300.0,0.0
2024-03-06 10:00:00,2.639401,-0.49783236,172.89876,0.0,0.0,261.12573,0.0016223305,101300.0,0.0
2024-03-06 11:00:00,1.3657776,-0.63998395,173.63313,0.0,0.0,261.38724,0.0016663754,101300.0,0.0
2024-03-06 12:00:00,1.0129904,-0.9657016,176.13081,0.0,0.0,261.3836,0.0015470756,101300.0,0.0
2024-03-06 13:00:00,2.6904624,-0.77673,176.05888,0.0,0.0,261.55304,0.0016398566,101300.0,0.0
2024-03-06 14:00:00,4.2315197,-1.8128337,172.47076,0.0,0.0,261.70465,0.0017836611,101300.0,81.66147
2024-03-06 15:00:00,3.162114,-1.3787822,174.73135,0.0,0.0,264.02304,0.002115602,101300.0,362.8335
2024-03-06 16:00:00,5.6998076,-3.3900547,177.05446,0.0,0.0,266.71494,0.0024008688,101300.0,586.0661
2024-03-06 17:00:00,7.736942,-4.4835286,178.68716,0.0,0.0,268.0173,0.002582068,101300.0,751.39777
2024-03-06 18:00:00,7.819331,-3.6866128,182.03983,0.0,0.0,268.71777,0.0026819094,101300.0,838.95764
2024-03-06 19:00:00,8.481631,-4.0259976,190.901,0.0,0.0,269.4257,0.002730697,101300.0,835.5176
2024-03-06 20:00:00,7.1196256,-1.5717491,188.34163,0.0,0.0,269.97403,0.0026454977,101300.0,777.6265
2024-03-06 21:00:00,6.093485,-0.07571887,202.34192,0.0,0.0,270.70087,0.002494021,101300.0,604.7394
2024-03-06 22:00:00,5.979711,0.053874373,188.41823,0.0,0.0,270.6957,0.002363607,101300.0,427.4136
2024-03-06 23:00:00,6.0382233,-2.5615983,189.94489,0.0,0.0,269.92154,0.002717602,101300.0,142.80623
2024-03-07 00:00:00,4.3253574,-2.2665975,188.82666,0.0,0.0,269.0053,0.002557889,101300.0,178.13231
2024-03-07 01:00:00,3.7926366,-3.0304542,188.90578,0.0,0.0,266.52872,0.002354524,101300.0,0.0
2024-03-07 02:00:00,3.2903852,-2.2593155,180.21127,0.0,0.0,265.03766,0.0021383641,101300.0,0.0
2024-03-07 03:00:00,2.7858534,-2.2987788,184.91216,0.0,0.0,264.9755,0.0021067807,101300.0,0.0
2024-03-07 04:00:00,1.8100588,-2.1091967,186.59155,0.0,0.0,264.48553,0.0019068266,101300.0,0.0
2024-03-07 05:00:00,0.13554136,-0.6134764,226.76196,0.0,0.0,265.1834,0.0018281536,101300.0,0.0
2024-03-07 06:00:00,0.9708913,-1.1872665,248.93843,0.0,0.0,265.16266,0.0016625244,101300.0,0.0
2024-03-07 07:00:00,0.4625739,-0.77756566,224.87769,0.0,0.0,264.562,0.001836964,101300.0,0.0
2024-03-07 08:00:00,0.60342944,-1.4270512,231.3435,0.0,0.0,263.68286,0.0018462953,101300.0,0.0
2024-03-07 09:00:00,1.9915832,-0.8784663,234.77922,0.0,0.0,263.17932,0.0020651175,101300.0,0.0
2024-03-07 10:00:00,0.26480588,-1.5885563,189.8493,0.0,0.0,263.02847,0.0020190151,101300.0,0.0
2024-03-07 11:00:00,1.9057328,-1.6074524,183.95868,0.0,0.0,262.91272,0.0018400068,101300.0,0.0
2024-03-07 12:00:00,0.44122392,-0.94987345,180.83844,0.0,0.0,263.27515,0.0016148442,101300.0,0.0
2024-03-07 13:00:00,1.4951055,-2.0641232,176.91336,0.0,0.0,262.62833,0.0013725141,101300.0,0.0
2024-03-07 14:00:00,1.8962365,-1.1440774,198.96666,0.0,0.0,262.1359,0.0014852231,101300.0,67.03408
2024-03-07 15:00:00,0.8782156,-0.3819082,176.42258,0.0,0.0,263.44922,0.0017027477,101300.0,367.58942
2024-03-07 16:00:00,-1.1259714,-0.8112271,185.67809,0.0,0.0,265.55142,0.0019418496,101300.0,582.8337
2024-03-07 17:00:00,-0.8940038,-0.3463937,199.08781,0.0,0.0,267.34784,0.0021584763,101300.0,683.3243
2024-03-07 18:00:00,0.98773396,0.95871824,235.94325,0.0,0.0,268.56427,0.002390058,101300.0,674.83923
2024-03-07 19:00:00,3.6315267,-0.21250844,245.38257,0.0,0.0,268.7885,0.002068614,101300.0,562.96674
2024-03-07 20:00:00,2.6936612,0.64713806,249.01884,0.0,0.0,269.57846,0.0022408864,101300.0,650.0991
2024-03-07 21:00:00,3.8033512,-2.528384,244.91516,0.0,0.0,269.75336,0.0023894808,101300.0,517.1758
2024-03-07 22:00:00,4.7820873,-3.4329412,237.1333,0.0,0.0,269.37808,0.0025324293,101300.0,363.45627
2024-03-07 23:00:00,3.2709923,-2.156107,213.1504,0.0,0.0,269.35995,0.0026844705,101300.0,134.15512
2024-03-08 00:00:00,1.1963844,-0.91786164,209.80898,0.0,0.0,268.0581,0.0028873354,101300.0,166.85188
2024-03-08 01:00:00,0.12183961,0.43895936,230.25757,5.0233586e-05,5.0233586e-05,265.4423,0.002839712,101300.0,0.0
2024-03-08 02:00:00,1.3818697,0.9979381,211.626,0.013988973,0.013988973,263.6721,0.0024572248,101300.0,0.0
2024-03-08 03:00:00,0.60783577,0.7195534,211.59868,0.0,0.0,262.26556,0.002147822,101300.0,0.0
2024-03-08 04:00:00,0.9394302,0.83817273,227.19672,0.0,0.0,261.43698,0.001975882,101300.0,0.0
2024-03-08 05:00:00,1.0258473,1.1994238,202.63715,0.0,0.0,261.2605,0.0019514757,101300.0,0.0
2024-03-08 06:00:00,-0.5464179,-0.07303842,200.15485,0.0,0.0,260.54993,0.0017740965,101300.0,0.0
2024-03-08 07:00:00,1.1310908,-0.72411424,220.98985,0.0,0.0,260.91812,0.0015937645,101300.0,0.0
2024-03-08 08:00:00,0.79927737,-0.52432656,215.68066,0.0,0.0,260.01532,0.0016403509,101300.0,0.0
2024-03-08 09:00:00,1.0948062,-0.68562526,197.035,0.0,0.0,259.34085,0.0015099983,101300.0,0.0
2024-03-08 10:00:00,2.0333686,-1.7527913,174.80693,0.0,0.0,260.68405,0.0015420098,101300.0,0.0
2024-03-08 11:00:00,1.9873981,-2.182011,174.92992,0.0,0.0,260.46832,0.001413629,101300.0,0.0
2024-03-08 12:00:00,0.5613208,0.019251673,199.85895,0.0,0.0,259.92963,0.0014583112,101300.0,0.0
2024-03-08 13:00:00,0.51174587,-0.54639995,188.7577,0.0,0.0,259.43536,0.0015146424,101300.0,0.0
2024-03-08 14:00:00,2.4759052,-3.566122,182.06384,0.0,0.0,259.3106,0.0014135948,101300.0,79.27693
2024-03-08 15:00:00,0.8569118,-1.3428565,196.8243,0.0,0.0,262.5294,0.001849797,101300.0,333.02515
2024-03-08 16:00:00,0.60397804,-1.6956973,189.59758,0.0,0.0,264.1834,0.0021543722,101300.0,565.27686
2024-03-08 17:00:00,-1.1697067,1.3536346,233.70555,0.0,0.0,264.61713,0.0024941913,101300.0,568.4767
2024-03-08 18:00:00,-1.922665,2.6090055,240.42514,4.613754e-06,4.613754e-06,265.15128,0.0027670846,101300.0,683.4264
2024-03-08 19:00:00,-2.337702,2.7294736,246.96828,0.2819342,0.2819342,265.3485,0.0027398302,101300.0,689.0129
2024-03-08 20:00:00,-1.9189138,2.809839,257.61807,0.3818504,0.3818504,265.27948,0.002827015,101300.0,544.8327
2024-03-08 21:00:00,-2.2457952,2.7042372,259.86215,1.7697822,1.7697822,265.04742,0.0027618408,101300.0,475.74625
2024-03-08 22:00:00,-1.8059177,2.742786,254.44432,0.39541778,0.39541778,263.90012,0.002521224,101300.0,283.43073
2024-03-08 23:00:00,-1.4364616,2.9770412,235.6068,0.5955507,0.5955507,263.72617,0.0024796566,101300.0,117.146416
2024-03-09 00:00:00,-1.159837,1.6082474,217.8983,0.0,0.0,263.00516,0.002337233,101300.0,129.0231
2024-03-09 01:00:00,0.10027542,0.5506413,196.31494,0.0,0.0,260.9392,0.0019577784,101300.0,0.0
2024-03-09 02:00:00,0.9393615,-0.10433713,186.95944,0.0,0.0,259.16464,0.0015874236,101300.0,0.0
2024-03-09 03:00:00,-0.032781094,0.8496975,205.08647,0.0,0.0,258.41144,0.0014844161,101300.0,0.0
2024-03-09 04:00:00,-1.5665648,-1.2148793,201.55547,0.021242464,0.021242464,258.34583,0.0015122453,101300.0,0.0
2024-03-09 05:00:00,-0.9219519,-0.98749846,179.8036,0.0,0.0,257.76355,0.0013556319,101300.0,0.0
2024-03-09 06:00:00,1.5021015,-0.24168688,178.1858,0.0,0.0,258.6026,0.001226028,101300.0,0.0
2024-03-09 07:00:00,3.6743872,-1.7016869,164.08737,0.0,0.0,258.08655,0.0011884599,101300.0,0.0
2024-03-09 08:00:00,3.5449305,-2.8881483,161.50964,0.0,0.0,258.3659,0.0012233788,101300.0,0.0
2024-03-09 09:00:00,5.0050187,-3.3914099,159.24101,0.0,0.0,258.89932,0.0012779884,101300.0,0.0
2024-03-09 10:00:00,4.80093,-3.5233247,152.46004,0.0,0.0,259.40866,0.0013775586,101300.0,0.0
2024-03-09 11:00:00,5.1308947,-4.331495,156.34142,0.0,0.0,259.80115,0.0014612239,101300.0,0.0
2024-03-09 12:00:00,6.0089107,-4.849565,157.48364,0.0,0.0,260.3367,0.0014710729,101300.0,0.0
2024-03-09 13:00:00,6.1915846,-4.8968267,147.77379,0.0,0.0,260.11612,0.0009433727,101300.0,0.0
2024-03-09 14:00:00,6.3658614,-5.092131,146.7799,0.0,0.0,260.351,0.000810528,101300.0,118.17953
2024-03-09 15:00:00,6.3566976,-5.0605335,145.89001,0.0,0.0,262.55984,0.00056911545,101300.0,400.4002
2024-03-09 16:00:00,5.6498814,-4.9688034,148.03435,0.0,0.0,265.09753,0.00064017484,101300.0,627.8967
2024-03-09 17:00:00,5.0522857,-5.146856,164.05862,0.0,0.0,266.74774,0.00091158866,101300.0,783.31287
2024-03-09 18:00:00,4.951643,-4.1262035,167.83043,0.0,0.0,267.66702,0.001329595,101300.0,869.98004
2024-03-09 19:00:00,4.4438596,-3.9181383,165.63316,0.0,0.0,268.77298,0.0016110223,101300.0,883.9271
2024-03-09 20:00:00,4.482065,-3.0605576,174.11404,0.0,0.0,269.15524,0.0017763318,101300.0,807.4901
2024-03-09 21:00:00,4.4667945,-3.209199,175.54945,0.0,0.0,269.42996,0.0020250843,101300.0,662.709
2024-03-09 22:00:00,4.878515,-3.2820582,174.85234,0.0,0.0,269.56644,0.0016738455,101300.0,450.9787
2024-03-09 23:00:00,5.365035,-3.2317233,175.0426,0.0,0.0,269.71796,0.0019580645,101300.0,165.20251
2024-03-10 00:00:00,4.1201444,-2.8242877,174.70169,0.0,0.0,268.524,0.0016839141,101300.0,7.0303903
2024-03-10 01:00:00,4.8511434,-2.9853976,172.63266,0.0,0.0,265.98865,0.0018000804,101300.0,0.10332008
2024-03-10 02:00:00,5.1454535,-3.4936428,170.12547,0.0,0.0,264.92633,0.0015897398,101300.0,0.0
2024-03-10 03:00:00,6.5300307,-4.4548383,169.64899,0.0,0.0,264.5118,0.0014640958,101300.0,0.0
2024-03-10 04:00:00,6.9135375,-4.6079435,169.63297,0.0,0.0,264.21616,0.0015290402,101300.0,0.0
2024-03-10 05:00:00,7.3008327,-5.223121,166.82701,0.0,0.0,264.08112,0.0014434773,101300.0,0.0
2024-03-10 06:00:00,7.4681544,-5.3309493,167.96901,0.0,0.0,264.1575,0.0014867823,101300.0,0.0
2024-03-10 07:00:00,7.6172366,-5.8416367,165.90662,0.0,0.0,264.2779,0.0013331212,101300.0,0.0
2024-03-10 08:00:00,7.789321,-5.990621,163.81657,0.0,0.0,264.32214,0.001210514,101300.0,0.0
2024-03-10 09:00:00,8.096668,-5.9239345,161.36687,0.0,0.0,263.87006,0.0011313568,101300.0,0.0
2024-03-10 10:00:00,8.122254,-6.0259633,158.68079,0.0,0.0,263.51105,0.0010241641,101300.0,0.0
2024-03-10 11:00:00,8.0673065,-5.732226,157.95547,0.0,0.0,263.66922,0.0009657507,101300.0,0.0
2024-03-10 12:00:00,7.857531,-5.913026,159.98958,0.0,0.0,263.75543,0.0010645468,101300.0,0.0
2024-03-10 13:00:00,7.8877244,-6.1302266,158.98943,0.0,0.0,263.9321,0.0009394233,101300.0,0.0
2024-03-10 14:00:00,7.779977,-6.6736565,160.0987,0.0,0.0,264.3723,0.0009939583,101300.0,124.81295
2024-03-10 15:00:00,7.7667303,-6.336939,159.55519,0.0,0.0,265.92276,0.0010837252,101300.0,405.5163
2024-03-10 16:00:00,7.8066993,-5.7574234,158.95934,0.0,0.0,268.38596,0.0010431603,101300.0,632.6006
2024-03-10 17:00:00,6.8748093,-4.8225036,172.13934,0.0,0.0,270.39148,0.0012360214,101300.0,770.13727
2024-03-10 18:00:00,5.501138,-3.584625,169.27599,0.0,0.0,271.36743,0.0014359675,101300.0,881.19617
2024-03-10 19:00:00,3.4261222,-2.691866,175.60756,0.0,0.0,272.7652,0.0016543086,101300.0,887.766
2024-03-10 20:00:00,5.4370346,-3.962725,175.50325,0.0,0.0,273.15332,0.0017043091,101300.0,818.6699
2024-03-10 21:00:00,4.296719,-3.5147042,177.12277,0.0,0.0,273.36722,0.0017656941,101300.0,673.0246
2024-03-10 22:00:00,4.19788,-3.3080895,180.44753,0.0,0.0,273.31866,0.0019097736,101300.0,457.98358
2024-03-10 23:00:00,4.107336,-2.6927075,182.71568,0.0,0.0,273.07092,0.0020450132,101300.0,171.01318
2024-03-11 00:00:00,2.8865335,-1.9419588,190.20337,0.0,0.0,272.7441,0.0025377579,101300.0,3.3295004
2024-03-11 01:00:00,2.58073,-1.1898301,186.80211,0.0,0.0,270.50467,0.0017001842,101300.0,1.1695508
2024-03-11 02:00:00,2.9800868,-1.5702096,187.8998,0.0,0.0,269.45108,0.0011923137,101300.0,0.0
2024-03-11 03:00:00,3.8098505,-2.5782566,178.21722,0.0,0.0,268.44586,0.0012237609,101300.0,0.0
2024-03-11 04:00:00,3.9194589,-2.0774512,174.72124,0.0,0.0,268.35638,0.0011660563,101300.0,0.0
2024-03-11 05:00:00,4.2892556,-3.3176491,178.7711,0.0,0.0,267.35822,0.0014058417,101300.0,0.0
2024-03-11 06:00:00,5.43744,-3.790736,174.12405,0.0,0.0,266.65652,0.0013327094,101300.0,0.0
2024-03-11 07:00:00,6.1330023,-4.4602036,170.87476,0.0,0.0,266.50854,0.0012359462,101300.0,0.0
2024-03-11 08:00:00,5.6547265,-4.1130333,170.0403,0.0,0.0,266.5417,0.0011154208,101300.0,0.0
2024-03-11 09:00:00,4.8829446,-2.6541698,168.32193,0.0,0.0,266.17218,0.0009477473,101300.0,0.0
2024-03-11 10:00:00,5.761821,-3.5040884,167.15477,0.0,0.0,265.74255,0.0009112813,101300.0,0.0
2024-03-11 11:00:00,2.5980308,-1.1437201,167.48135,0.0,0.0,265.07886,0.001010663,101300.0,0.0
2024-03-11 12:00:00,2.2411253,-1.9878995,166.48001,0.0,0.0,265.08505,0.00090622774,101300.0,0.0
2024-03-11 13:00:00,6.1873837,-2.9197984,170.7709,0.0,0.0,264.98834,0.00095004676,101300.0,0.0
2024-03-11 14:00:00,7.204693,-3.309382,168.4293,0.0,0.0,265.69348,0.000849573,101300.0,126.25693
2024-03-11 15:00:00,6.202485,-3.0883083,170.21794,0.0,0.0,267.6098,0.0010264389,101300.0,406.16614
2024-03-11 16:00:00,6.4625077,-2.6458323,175.69342,0.0,0.0,270.02744,0.0013912946,101300.0,625.5216
2024-03-11 17:00:00,6.5118895,-1.3219074,179.26222,0.0,0.0,271.74347,0.0017383151,101300.0,785.3656
2024-03-11 18:00:00,6.221567,-0.8955024,180.42705,0.0,0.0,272.43018,0.0018065325,101300.0,875.1086
2024-03-11 19:00:00,6.78016,0.7873167,191.07098,0.0,0.0,273.29706,0.002271725,101300.0,876.20026
2024-03-11 20:00:00,6.6491084,1.5942737,193.24217,0.0,0.0,273.85608,0.0022778423,101300.0,808.4142
2024-03-11 21:00:00,5.7075067,2.7252011,193.99243,0.0,0.0,274.05856,0.0022485573,101300.0,663.3792
2024-03-11 22:00:00,5.1483917,2.9040155,201.93346,0.0,0.0,274.29175,0.002301355,101300.0,452.9401
2024-03-11 23:00:00,4.3761253,1.5736375,207.7222,0.0,0.0,273.92816,0.0022346487,101300.0,166.81659
2024-03-12 00:00:00,4.08431,0.9308687,247.39635,0.0,0.0,272.6616,0.0023469857,101300.0,1.438744
2024-03-12 01:00:00,3.0093155,0.29052117,265.80182,0.0,0.0,269.93207,0.0026139724,101300.0,2.1808634
2024-03-12 02:00:00,3.1186826,-0.74931276,230.22296,0.0,0.0,268.59393,0.0023855756,101300.0,0.0
2024-03-12 03:00:00,3.5976193,0.6130807,246.5583,0.0,0.0,267.95334,0.0022863036,101300.0,0.0
2024-03-12 04:00:00,3.4862425,-2.0352347,194.96854,0.0,0.0,265.9075,0.0020631512,101300.0,0.0
2024-03-12 05:00:00,2.4305875,-1.642429,193.56363,0.0,0.0,265.57794,0.0020228836,101300.0,0.0
2024-03-12 06:00:00,1.2888185,-0.26029667,190.61969,0.0,0.0,264.99683,0.0018262445,101300.0,0.0
2024-03-12 07:00:00,5.9999585,-2.288098,192.60384,0.0,0.0,264.6002,0.0022893252,101300.0,0.0
2024-03-12 08:00:00,4.6474915,-1.4251777,196.98471,0.0,0.0,265.28918,0.0025580479,101300.0,0.0
2024-03-12 09:00:00,1.2947968,-0.14276294,214.89842,0.0,0.0,264.64923,0.0023146875,101300.0,0.0
2024-03-12 10:00:00,4.306542,-2.2219324,186.71274,0.0,0.0,263.8342,0.002194209,101300.0,0.0
2024-03-12 11:00:00,5.569862,-3.3551838,185.10635,0.0,0.0,264.3647,0.0023324206,101300.0,0.0
2024-03-12 12:00:00,10.027977,-5.9143496,181.5469,0.0,0.0,265.30368,0.0025749232,101300.0,0.0
2024-03-12 13:00:00,11.18846,-6.82419,181.18,0.0,0.0,265.21,0.0026167764,101300.0,0.0
2024-03-12 14:00:00,8.828179,-5.3331857,184.1815,0.0,0.0,265.09048,0.0025893666,101300.0,126.39376
2024-03-12 15:00:00,12.018535,-8.006649,182.23865,0.0,0.0,267.1773,0.0026779526,101300.0,409.57452
2024-03-12 16:00:00,7.3551254,-4.302283,197.08797,0.0,0.0,268.2834,0.002979072,101300.0,581.4367
2024-03-12 17:00:00,4.7350383,-1.4013635,218.06651,0.0,0.0,269.62335,0.003232723,101300.0,731.43933
2024-03-12 18:00:00,5.7172475,-2.3047721,199.81952,0.0,0.0,270.63516,0.0033517655,101300.0,853.6996
2024-03-12 19:00:00,6.108071,-1.6792443,198.41818,0.0,0.0,271.35052,0.003353514,101300.0,872.29364
2024-03-12 20:00:00,5.238735,-0.22380888,201.29134,0.0,0.0,272.11105,0.0032306665,101300.0,801.4941
2024-03-12 21:00:00,5.101753,-0.5842249,202.55511,0.0,0.0,272.58337,0.0031159762,101300.0,658.57983
2024-03-12 22:00:00,3.9310312,-0.072219454,206.28008,0.0,0.0,272.71368,0.0029875075,101300.0,441.8833
2024-03-12 23:00:00,4.4450126,-0.94479895,207.04659,0.0,0.0,272.6151,0.002889831,101300.0,183.78624
2024-03-13 00:00:00,3.5663202,-0.04077674,252.21124,0.0,0.0,271.47934,0.0026741354,101300.0,1.1866422
2024-03-13 01:00:00,3.0788376,-1.6538488,246.93013,0.0,0.0,268.96085,0.0026039844,101300.0,4.947171
2024-03-13 02:00:00,3.2707493,-1.932254,231.02446,0.0,0.0,267.63232,0.0027136882,101300.0,0.0
2024-03-13 03:00:00,3.919834,-1.6783108,265.78473,0.0,0.0,267.66525,0.0027825914,101300.0,0.0
2024-03-13 04:00:00,2.5198512,-1.1892667,250.9139,0.0,0.0,267.46066,0.0026285215,101300.0,0.0
2024-03-13 05:00:00,-1.591426,0.4058309,257.61813,0.0,0.0,267.37167,0.0026762676,101300.0,0.0
2024-03-13 06:00:00,1.0831945,1.7083044,257.17392,0.0,0.0,266.48392,0.0031832207,101300.0,0.0
2024-03-13 07:00:00,1.4918219,-0.5795799,245.27159,0.0,0.0,266.0136,0.0027875358,101300.0,0.0
2024-03-13 08:00:00,2.2815056,-1.7977633,239.80858,0.0,0.0,265.91284,0.0025692177,101300.0,0.0
2024-03-13 09:00:00,2.562813,-0.87920505,198.01732,0.0,0.0,265.03015,0.0025369097,101300.0,0.0
2024-03-13 10:00:00,3.644689,-1.7044036,190.533,0.0,0.0,265.19608,0.002430301,101300.0,0.0
2024-03-13 11:00:00,4.9650254,-2.7018294,183.0308,0.0,0.0,264.66727,0.002296776,101300.0,0.0
2024-03-13 12:00:00,4.7910967,-4.070358,186.36572,0.0,0.0,264.87442,0.0025229428,101300.0,0.0
2024-03-13 13:00:00,0.42407393,-2.3243973,182.66132,0.0,0.0,263.6229,0.0021163602,101300.0,0.0
2024-03-13 14:00:00,1.6475978,-2.6372926,199.33359,0.0,0.0,263.9686,0.002070771,101300.0,116.65469
2024-03-13 15:00:00,1.4610889,-0.3782691,185.10156,0.0,0.0,266.98724,0.0025459377,101300.0,413.73895
2024-03-13 16:00:00,-1.0705078,0.16309682,202.0652,0.0,0.0,268.66373,0.0030088634,101300.0,598.7035
2024-03-13 17:00:00,-0.6065052,2.2135992,277.67633,0.0,0.0,268.68924,0.0032558716,101300.0,246.5539
2024-03-13 18:00:00,-0.658481,1.5873678,256.33035,0.0,0.0,269.5566,0.0030289742,101300.0,605.3939
2024-03-13 19:00:00,-2.3860378,3.3685687,271.03918,0.5161917,0.5161917,269.26035,0.003638586,101300.0,632.67584
2024-03-13 20:00:00,-2.0601108,3.5300112,258.62463,0.25035653,0.25035653,269.36807,0.003683564,101300.0,577.55963
2024-03-13 21:00:00,-2.196761,2.161102,270.0116,0.14905146,0.14905146,269.26993,0.0035688798,101300.0,334.17142
2024-03-13 22:00:00,-0.9590943,2.617658,261.88397,4.613754e-06,4.613754e-06,269.70813,0.0035193728,101300.0,292.89917
2024-03-13 23:00:00,2.4330199,-1.2975231,282.37033,0.7869089,0.7869089,268.323,0.0034864147,101300.0,58.50631
2024-03-14 00:00:00,0.618271,-1.4888399,275.53513,2.7210438,2.7210438,267.4925,0.003350249,101300.0,0.52731794
2024-03-14 01:00:00,4.603938,-2.9810548,228.42328,1.5236018,1.5236018,265.9501,0.0026813503,101300.0,5.6716695
2024-03-14 02:00:00,2.2859821,-2.6294444,260.9911,2.337223,2.337223,265.38306,0.0027937186,101300.0,0.0
2024-03-14 03:00:00,2.1602657,-1.896923,258.08066,2.6368513,2.6368513,265.64478,0.0028299694,101300.0,0.0
2024-03-14 04:00:00,-0.27410057,0.8176861,255.87642,0.83979607,0.83979607,265.27414,0.0029078184,101300.0,0.0
2024-03-14 05:00:00,1.6120844,-1.3051687,251.1304,0.57465583,0.57465583,264.49347,0.002466941,101300.0,0.0
2024-03-14 06:00:00,-0.5857632,-1.2689501,247.75104,0.058945812,0.058945812,264.1643,0.0023244594,101300.0,0.0
2024-03-14 07:00:00,0.06893366,0.21371017,257.15323,0.5562024,0.5562024,264.13956,0.002503914,101300.0,0.0
2024-03-14 08:00:00,-1.3984916,-1.6761482,256.8531,0.7489116,0.7489116,264.0017,0.0024592935,101300.0,0.0
2024-03-14 09:00:00,-1.850426,-1.8543212,256.91724,0.9260426,0.9260426,264.07407,0.00240934,101300.0,0.0
2024-03-14 10:00:00,-2.033021,-3.4592252,260.45163,1.4390986,1.4390986,263.66013,0.0023189583,101300.0,0.0
2024-03-14 11:00:00,-3.7144206,-4.4313064,256.00784,2.5396159,2.5396159,263.47086,0.0023377617,101300.0,0.0
2024-03-14 12:00:00,-3.7330542,-3.939184,256.1546,1.869712,1.869712,263.33057,0.0021877624,101300.0,0.0
2024-03-14 13:00:00,-4.181302,-5.463919,248.95308,1.2119427,1.2119427,262.36642,0.0019445142,101300.0,0.0
2024-03-14 14:00:00,-3.146679,-3.205656,244.91975,0.63542044,0.63542044,262.1107,0.0019193547,101300.0,64.48859
2024-03-14 15:00:00,-5.5749764,-5.793781,243.15005,0.42124206,0.42124206,262.64465,0.0018363915,101300.0,232.43895
2024-03-14 16:00:00,-5.7861767,-5.293693,232.97592,0.2380323,0.2380323,263.18814,0.0019287731,101300.0,413.41522
